text,category
"Northeastern farmers face new challenges with severe drought
By JENNIFER McDERMOTT ‚Å¶‚Å¶@AP‚Å©  https://t.co/CW2U0bGwKL",drought
"@Hector_E_Alcala Wondering if humidity is going to get down because drought or even increase because amount of water that's evaporating in my area, can't even imagine how unbearable is going to be if temperature goes up by 20 degrees more than usual together with humidity, extreme weather changes",other
"It's time! We've been through mass drought for the greater good, anti-war messaging through selling out group sympathizers, questioning how one's purpose and past connect . . .

Dust is a good game! And we're playing more! Peek below for your very own ticket to watch~!",other
Msm is saying farmers are killing their own cows etc because of drought. Eff the msm liars.,drought
"@Climatologist49 I wonder what the precipitation totals would be without the outlier flooding events. For instance here in St. Louis, we received close to one third of our annual rainfall in 11 days. Most of the summer has been in a drought.",drought
@Fishman_Dan If you had water for livestock during the drought as we did you could keep your livestock alive. Costly and time consuming but doable. I have diseases this winter in calves I‚Äôve never had before. New management skills required and many drugs.,drought
The latest The #Water Daily! https://t.co/iWebgisUEh Thanks to @JaneTurner101 @GreeningPutney @DennisWardNews #water #drought,other
Authorities fight back against drought in West https://t.co/1FioYUWtbz https://t.co/w1MpHFpLmH,drought
"@DBrozeLiveFree would like to see someone do something on the clear admitting by storm chasers  on cloud seeding as they are pushing it out to the public like its stopping large hail and increasing water to drought areas, yet not one of them talk about it in the conspiracy way. like its normal",other
From drought to flooding lol,other
Strong sulfur rich coal particle pollution coming from Eastern Europe and Asia has set the stage for this drought,other
@angelsgill @Love_Having_Fun @idrxpzyy @RenHits @goatbebryantt @MLB Seattle has the longest active playoff drought in all major sports. Making the playoffs is the goal lol,other
State Tensions Rise As Water Cuts Deepen On The Colorado River https://t.co/H2bnN3ErOW,other
"https://t.co/T9GdFDQG53
American Farmers Are Plowing Under Their Half-Grown Crops Because There Won't Be Enough Water For Them To Mature
#Famine follows 
#Drought https://t.co/LxS7KLr7s1",drought
maybe im just in a drought but my boss kinda fine,other
"@Cortes This is all technology. Who is responsible for the biggest drought in the last 1,200 years?¬†
Wigington says documents show it is the U.S. military. Climate modification is the Crown Jewel weapon of the Military Industrial Complex.",other
"/103 #FireSeason2022 #Drought #California 

Looming tomato shortage. My wife grows her own and I confirm needing to increase the drip system time of watering due to intense heat.
rt @zerohedge 
ht @MotherCabriniNY @andykatz19 @LaziestofDans 

https://t.co/cGn0qkE9Uw",drought
Authorities fight back against drought in West https://t.co/Ng0c4s4lUt,drought
Cotton prices are rising as a punishing drought forces U.S. farmers to abandon their crops https://t.co/TFHKfRgxCh via @WSJ,drought
There appears to be a shortage of dom tops these days. Drought season.,other
Watch drone footage of rivers across Europe during historic¬†drought https://t.co/RIrPqqD9HQ,drought
"@hodansomali Hhhh.
Do you remember where he started his duty in 2017.
you talking about the drought, where the workers have not been paid for 10 months. https://t.co/fjW5IZE1uc",other
@ELOTHEGREAT1 @SeaIndy There trying to break the 20 yr drought.,other
This years #DROUGHT is forcing US farmers to kill existing crops and sell livestock. Consumers will eventually feel the pain  https://t.co/VJhoxr3eCS,drought
"further proof that there is no such thing as the perfect crime
https://t.co/PwT3v8pw6S",other
"HUGE! 50% CROP FAILURE! - Leaked Documents WARN Of Famine! - Inflation SKYROCKETS!
https://t.co/twmp0oZEnv 

NOW up on BitChute, Odysee, Rumble, Rokfin &amp; BANNED! 

#news #politics #greatreset #thegreatreset #supplychain #inflation #drought #europe #bitchute #WAM",other
This years #DROUGHT is forcing US farmers to kill existing crops and sell livestock. Consumers will eventually feel the pain  https://t.co/4wYTV1i4Bf #GPWX,drought
"@bgmasters Water is Life...

Western Drought Resiliency $4 billion

Arizona loses more of its Colorado River water allocation under new drought plan https://t.co/NZ3P0QGRxa via @Yahoo",drought
@tftTarot4today You might have meant this: https://t.co/udiSjOGuCR,other
"@douglasgottlieb @DaniyyelBryant pretty sure the floods and drought in Australia already do this, I think 30% of Oz is fertile and irrigated farmland, What sort of costs do think might be involved in irrigating and generating a consistent water supply for vegan farms in the arid areas that currently run cattle",other
@raidthetape_ Show super bowl drought too please,other
"Half of the country, especially CA, NV, UT, and TX are either in a severe or exceptional drought. I read an article about a decade ago detailing humanity's exceptional growth in the last century was due to the best rainfall in centuries. We will pay their water bill this century! https://t.co/GwSGrWFW5c",drought
"Pigeonpea: Food for Drought

https://t.co/aDYfDX762z 
Image credit: Michael Major/Crop Trust) https://t.co/7PlukQTGeC",other
"@Cortes üí¶ Radical Drought Caused by Military Weather Weapons
Dane Wigington

Wigington contends the severe drought in the West and around the world is not a natural event but caused by man-made weather modification called geoengineering. Wigington explains, ‚Äú",other
@writerdiehl We have been teased with rain for weeks but no rain.  Sure wish we could get it - we're in a drought.,drought
How drought threatens the power grid https://t.co/2sDxEqO98W via @politico,drought
"@Spotify Drought from @pelicansong, a true masterpiece from Australasia, a fantastic album",other
I‚Äôm in a drought in real life ü•¥ü§¶üèΩ‚Äç‚ôÄÔ∏è,other
@TimAlbitz @GolfweekNichols I'd blame it on the drought. Without water on the course they shouldn't be playing...,drought
"Obv climate change is a hoax, and we have a lot of time--- it's all just political shenanigans. It's not hitting home. 

https://t.co/0SLiRmJzlP",other
@ElectrekCo @michelle0728 Watch the effect on storms. Think there is drought and floods now?,other
"The Globe and Mail: #Drought-#stricken #Arizona, #Nevada face #cuts in amount of #water they can draw from #Colorado #River.
https://t.co/GO83JehYiY",drought
"Remember those people on the sidewalks as you drove by with signs reading, ""The End is Near""?  Maybe they were right!!

American farmers are killing their own crops and selling cows because of extreme drought

https://t.co/XiU9p66lnt",drought
"@piper_therapy That sounds so good.Our raspberry plants suffered from drought last year,so do not have any to pick. Next yr should he goid as the plants now growing look good. Haven't cked the woods for wild ones.Saw more wild chokecherries, so,will pick in a few days 2 now make jelly with them",other
"#CDNBeefConf BOV‚ÄìINNOVATION 2.0 ‚Äì Rangeland Recovery with @DrBart_Beef 
Important decision factors are hinged on planning. Prolonged drought/fire in huge areas is a frustrating situation now. Start planning for next year. Gather information and plot your course of action.",drought
"@LucasHerndon Man, this is bad enough as is, could you imagine how dumb and immoral it would be to do this if we were in the midst of a really, really, really bad drought?

The hell were they thinking?!",other
"China is seeding clouds to replenish its shrinking Yangtze River | CNN. This is very scary.
 https://t.co/1NPbV46gTX",drought
See drone footage of rivers across Europe during historic drought https://t.co/VMsWXFFFpi,drought
"https://t.co/PlLcVRE8nA
Several years ago,
Austin, Texas,
Designed a plan
To deal with drought...
And it's working! https://t.co/QhvC3fHJaP",other
"Comparing ""Drought Years""...year-to-date 2022 precipitation vs. 2012: Although this table features only a small sampling of sites in our area, for some (not all) places precip so far this year is similar to (and a few spots drier than!) our last infamous drought year. #NEwx #KSwx https://t.co/XqnJQz19xo",other
"""Drought is compounding a man-made catastrophe for 6 million people."" _ @DrTedros

We ask world leaders to lift the siege that is imposed on #Tigray bc  #TigrayCantWaitAnyLonger. 
@JanezLenarcic @MikeHammerUSA @AlboMP @antonioguterres @UN https://t.co/sVdqYrwgtq",other
"@BadWolfArchives Do Last of the Time Lords &amp; Journey‚Äôs End not count as the S3 &amp; S4 Finale‚Äôs?

I dunno, of those only Parting of the Ways and Doomsday landed for me.

I‚Äôm more excited for the premise. RTD was great at building hype through the season. After a drought, I‚Äôm ready for that again.",other
"#WednesdayAfternoon Reading: #ClimateEmergency as more cuts to water supply in the west; Stifling Sardinia; A #heatwave that stops factories; Helpful Drones. @bhensonweather has a great report on the drought, much more on @climateguyw #ExtremeTemperature Diary today: https://t.co/6LUy2xGC6H",drought
"@atRachelGilmore Hey @atRachelGilmore now do world hunger, war, drought.",other
"@BenRand10 There is an old saying my grandad used to use, it was, ‚ÄúAll signs fail in a drought‚Äù",other
"What happened to all that money they got in that other big drought, 2011 or 2012, never heard a dang thing about it. https://t.co/zOCE52rJO9",other
"‚ÄòAt least 12 people die from hunger in drought ravaged Guji zone, says official; residents put figure at 20‚Äô Reported by @addisstandard. https://t.co/lQWxniRNgV @UNESCO @hrw @UNHumanRights @UN_HRC @AmnestyEARO @UNGeneva @AP @amnesty #OromoVoice #AidForOromia",drought
"A followup on the UC Davis fish kill. Without providing any new info. ü§∑üèº‚Äç‚ôÇÔ∏è

https://t.co/O7gJXMMK4G",other
@_relaxbro Drought season needs to be over,drought
The Department of the Interior has called for water cutbacks amid a 23-year drought made worse by high heat and low precipitation brought on by climate change. (Latest news at https://t.co/1BbDhxzC1e) https://t.co/pZ4KL51IQ4,drought
The Department of the Interior has called for water cutbacks amid a 23-year drought made worse by high heat and low precipitation brought on by climate change. (Latest news at https://t.co/EGO0zsqUhM) https://t.co/L1XP9R376u,drought
The #CAWaterWatchers Daily is out! https://t.co/uyBO2LVxFg Stories via @DianaBrodskiy @UPI @RodeErin #drought #california,other
"@appleprops well i guess also longevity, a drought with the 5pick method would likely hurt more - especially when a sweep won‚Äôt cover in 9 of the 10 days if you‚Äôre 60%.",other
More flooding expected in Arizona with another monsoonal surge https://t.co/kQVWu99X8P via @Yahoo  Yeah about that drought??  Does the runoff get to a storage facility?? Or just wasted,other
"Farmers are bailing on their crops and livestock.
https://t.co/6I0Jj9oly8",other
"What's in the water? More like where's the water.
https://t.co/ANLca4xWiS",drought
"Drone footage shows rivers across Europe devastated by historic drought
 https://t.co/cldoAODlLX",drought
"@lilford60 This will sound a bit daft (I am a recently departed city-dweller) .. but at least during drought you have somewhere to plonk a bale of hay or grain.

There are bales sitting in paddocks, torn to shreds, mouldy and spoiled as a result of the floods.",other
See drone footage of rivers across Europe during historic¬†drought https://t.co/2iObfQbQMX,drought
@Rogers4Texas I am so sorry! We have had two neighbors who had fallen trees this week. One caused significant damage to his roof. This drought has been brutal.,drought
How drought threatens the power grid ‚Äì¬†POLITICO https://t.co/FZopzRIL3N,drought
"California‚Äôs Plan to Ensure Water Supply

From The Weather Channel iPhone App https://t.co/6W8V5v6GFP https://t.co/CoQ6iFwY46",other
"blinks, we‚Äôve been starved for two years and in 28hrs our blackpink drought era will end‚Ä¶. i feel like crying üò≠üò≠üò≠",other
"Please keep these bats going. Aside from the fact that we‚Äôre fighting to finally end this playoff drought, we have a legit chance for a deep run.

A rotation of Castillo, Ray, Gilbert, Kirby, and Gonzales can take us there. https://t.co/7kdOnzY3Xl",other
So this drought is from climate change my ass. https://t.co/YSlzt7knsv,other
@CasketFish Understandable. We just went through a big drought. Good luck!!,other
Still been creating through the drought üî•üî•üî•üî• Terminator Freestyle @Therealkiss @stylesp @SHEEKLOUCH https://t.co/ffd9HB67Ub,other
American farmers are killing their own crops and selling cows because of extreme drought https://t.co/qIedUwDtWB #SmartNews,drought
"@persadjoycelyn1 Hello my dear friend, this is a beautiful glacier, it‚Äôs quite worrisome to see what our actions have done to this planet. Glaciers are melting at an unprecedented rate and other places are dealing with intense drought. I pray it‚Äôs not too late. Be well dear friend. üôèüïäü•∞üåªüåøüåô",drought
"NEXT on 9NEWS
‚Ä¢ Drought still reigns on the eastern plains.
‚Ä¢ More TABOR issues, because money is never simple.
‚Ä¢ Aurora's new Poet Laureate is homegrown. https://t.co/qJMadLAEHU",drought
"""In the Ethiopian region of #Tigray, the drought is compounding a man-made catastrophe for 6 million people who have been under siege from üá™üáπ &amp; üá™üá∑ forces for 21 months, sealed off from the outside üåç, with no telecom, banking services &amp; very limited electricity &amp; fuel""-@DrTedros",drought
@flyin_obrien this is not the worst drought the west has seen.  it literally rained for much of the day in denver yesterday and the forecast for most of the week includes rain.  you are exaggerating and virtue signaling with fear and lies.,other
Thank god the GOP is taking the lead on Climate Change. American farmers are killing their own crops and selling cows because of extreme drought - CNN https://t.co/BI0S915vxM,drought
"Man, just thinking about how hard it was to be a Steven Universe fan when it was premiering. The months long drought--&gt; one-week bomb--&gt;more months of nothing cycle was a killer.",other
"""there is a drought.. in my mind-"" https://t.co/9SDRXd2s4s",other
@Fishman_Dan In my region we had four floods in eight months and it is very similar as farmers can't get onto their land. Livestock diseases are rife and animals have to be hand fed because of rank pastures and inundated paddocks. A vet suggested it's worse than the drought.,other
This will mean residents must take additional steps to conserve water as the local area is still below-average rainfall for this time of year and the Guadalupe River is still below its normal level due to low rainfall north of the city. https://t.co/slFkOKyjz6,drought
@toryboypierce @thameswater How to say you know nothing about drought or water storage without actually saying it. Dangerous ignorance - do better.,other
@ChiSportUpdates The drought is over,other
American farmers are killing their own crops and selling cows because of extreme drought https://t.co/vuYIe4gtK0 #NotGood,drought
¬¥It¬¥s been too long without winning titles¬¥ ‚Äì Lewandowski vows to end Barcelona¬¥s silverware¬†drought https://t.co/YcXDTE3uFt,other
Welcome all to our new world. Bought and paid for by the mega rich of the world . And just think #climitecrisis is just getting started. Sad we didn‚Äôt do what should have 40 yrs ago. Now we‚Äôll probably try all sorts of crazy shit. More harm than good üòû https://t.co/oV9oLXoXGT,other
‚ÄòLeave The Energy For The People‚Äô: China Begins Rationing Energy Supplies Amid Severe¬†Drought https://t.co/sRWdyd5Nx5,drought
"California produces about a quarter of the world's tomatoes, and the extreme drought conditions, water restrictions and wildfires are leaving farmers struggling to meet the demand. https://t.co/4Eb955ooUI",drought
"China inducing rainfall to combat severe drought
https://t.co/6LzaC55zSs",drought
Pelican - Drought https://t.co/cwVPVlZPNf,other
"@mikepompeo Climate lobbyists want to save the planet from the emergencies that are already happening all over the US. Extreme heat, drought, fires, hurricanes, tornadoes etc affect the American people, dodo.",drought
5th Body Found At Drought-Stricken Lake Mead https://t.co/I5IZIB1LUd,drought
"From a secret garden, to a lost shipwreck, to a Roman shoe, extreme heat and drought is revealing our forgotten history https://t.co/MxPCqFltrQ via @business",drought
A water company is shaming the Hamptons' uber-rich for using over 100 times more water than the average American amid water shortage https://t.co/RNtjmp53Pr,other
"@SenTedCruz Ted never tells the truth. Are you going to blame President Biden for the lack of feed for cattle, chickens, etc, Aren‚Äôt you concerned about the mega drought out west! https://t.co/LlxAwwweBX",drought
@mc_c55890972 They smell like wine when the sisters bloom behind them. I'm going to cry leaving my roses. :) I hope the new owners love them through the drought. https://t.co/PhTW004PZ4,other
"@TornadoNate @Inv3ntive15 Can't we stop digging up nutrients over there and use what's here to feed us? 

I really think we've got to change what we eat and how we eat. It must become more regional. That is resilience; and drought and flood proof, etc.

I also don't think USA will avoid violence.",other
@NWSBoulder Do we know how much this rain helped over the last couple of days for the drought?  Or was it just not enough to make a difference?,drought
"Southwestern States Face Steeper Water Cuts As Drought Plagues Colorado River Basin
https://t.co/YheO3vu1LD",drought
The latest The #Water Daily! https://t.co/gJMJbfkemt Thanks to @UdnSpeak4me @LifeOnThinIce #water #drought,other
Climate-related drought and flooding in Ethiopia | Africa |¬†DW https://t.co/SjKd0vFSPX,drought
Arizona and Nevada face another round of water cuts as drought hammers Colorado River water levels https://t.co/c3HIHqJoMa,drought
"There's a medicine plant that grows behind my house that I use to help treat C-PTSD. Couldn't harvest any this year, due to the drought. 
I'm hoping it just was a rough summer, but this bodes so poorly for the future.",drought
"@HNoble40 @MrStephenHowson That‚Äôs why I‚Äôm saying, if it‚Äôs about position, you‚Äôre declining, if it‚Äôs performance, you‚Äôre declining, if it‚Äôs trophy drought you‚Äôre declining. Comparative to Arsenal. 
So fans celebrating or being frustrated doesn‚Äôt measure anything. 
ManU should be ahead now but aren‚Äôt.",other
"@Oboe_Lady @FoxNews The IRA reduces like 300B in deficit. This is a pic before the sinema stuff, but that only affected the carried interest, added a 1% stock buyback tax, 5$B in drought protection. Similar numbers, little more in deficit reduction.

This is saving more than spending. https://t.co/v0miEHOO00",other
"üá´üá∑ After having to endure a long period of drought, much of Western Europe including France is now entering a week of strong thunderstorms that will result in flash floods. The video is of Paris today. https://t.co/dge3mm2qbL",other
Drought Devastates U.S. Cotton Harvest https://t.co/mIUsstBelW,drought
@filigreyhaven you're fairly close to the drought but ur not QUITE in the water-cutting states,drought
@Jetson77 @RyanShead I'm so fucking done with you. Invent affordable desalinization and become a billionaire. In the mean time enjoy the drought that ain't ending. Lake Michigan is down TWO FEET. And you want a pipeline for your desert golf courses? You learn something. Bye bye.,drought
"US: Drought-Stricken States To Get Less From Colorado River.
https://t.co/IGndRjy7JN",drought
@NOAAClimate Should we expect this winter to be the same as last winter where drought persists in the western U.S.? #wxtwitter #Weather #wx,drought
@wyonaf My brother has lived in Vegas since before the drought. Nothing we can say will make him believe the drought is anything but a natural cycle. He is MAGA.,drought
"Wilting flowers bow 
Trees yield leaves to summer breeze
Mother Earth is parched

#haikuChallenge #noPrompt #drought",drought
@gwanghyeonlvr lord help me through this trying time he has REWARDED our loyalty during our continuous bubble drought,other
Where‚Äôs is @hotboyrello_ when u need him I‚Äôm currently in a drought üò≠,other
The home run drought is OVER... Hoskins' three run HR gives the Phillies the lead back. #RingTheBell,other
"‚ÄúThe Colorado River is the source of water for 40 million people between Denver and Los Angeles.‚Äù

https://t.co/ReDgButJFO",other
"Feds cut Colorado River allocation for Arizona and Nevada in 2023, citing need for 'urgent action'
https://t.co/l2BwGmbrEN",other
"The federal government has declared an unprecedented new stage to the water shortage afflicting the Colorado River, triggering cuts likely to deepen economic damage to the Southwest driven by a long-running drought  https://t.co/vnXUBgp0fs via @WSJ",drought
"The source of England's River Thames is so dry you can stand in it
https://t.co/82IsIcRmq0",drought
"CLIMATE CHANGE IS REAL and Republicans keep ignoring the facts.
Arizona and Nevada hit with up to 21% water cuts starting Jan. 2023: https://t.co/OsZ1igtgSB via @MailOnline",other
@lnn1910ann Similar but less drought-ridden.,other
"BRO WHAT DROUGHT WE LITERALLY HAVE KIRBY, BAYONETTA, METROID LAST YEAR AND NOW SPLATOON 3 üò≠ https://t.co/mZqP3nqXLd",other
"US cuts water supply for some states, Mexico as drought¬†bites https://t.co/SD4U5NLc4i",drought
"@TheAtlantic @TheAtlPhoto The drought and heat wave in 1540 was worse. At the time, you could across parts of the Rhine and not get your feet wet.",drought
How the Western drought is pushing the power grid to the brink https://t.co/NCrVC8ZYEa,drought
"If you want to know what D4 on the drought maps mean in an area with usually less than 19 inches of annual precipitation anyway. Welcome to Perkins county Nebraska. 
Thank the lord for groundwater and advancements in crop genetics. https://t.co/xWchG7QGix",other
Why Tuesday's rain was such good news for the state's drought https://t.co/GH8z2sfueZ,drought
@Miller_time150 Lol don‚Äôt think I‚Äôve ever been to a meeting designated as a drought meeting. But on the flip side I‚Äôve never been to a meeting designated as a we‚Äôve had to much rain meeting,other
"@BriceCoffer Yeah that‚Äôs been the crappy thing this year. 2011 heat indices were always like T-5 because few points were near 50. But since we‚Äôre not in a decade long drought anymore, we‚Äôve been in the mid 60s most summer. It‚Äôs been yuck.",other
Remember tree limbs may snap in lower winds due to drought stress https://t.co/VyOzBvmTMc,drought
"Southwestern States Face Steeper Water Cuts As Drought Plagues Colorado River Basin
https://t.co/xnasP26fYT",drought
@Nicklum1975 @Eweather13 during an exceptional drought. Are you high??,other
Italy‚Äôs Lake Garda shrinks to near-historic low amid drought https://t.co/76iEAUv3RP,drought
@DavidLarter The sad thing is drought is not a new thing for the west coast.  We just got really lax and got back into lawns and careless about irrigation systems that waste water.,drought
"BB&amp;K's @bbkericgarner discusses skills needed for future water practitioners with Daily Journal. Gov. Newsom's new plan to address CA's sustained drought is expected to provide law students and new attorneys with more opportunities in the field. #waterlaw
https://t.co/MLcUyrUkP5",drought
@yonaswifey Hi :&gt; oh no :&lt; well I can‚Äôt wait for it! I hate the shoujo anime drought we have to :/,other
@colbydub12 @LoventimeMaria @lostboy89_ @McneilWebster @JoShowAdell What‚Äôs the Mariners excuses for the longest playoff drought in North American professional sports?,other
The #CAWaterWatchers Daily is out! https://t.co/V6GBaxG23Y Stories via @RA_Becks @Sabari15061985 @575Keith #drought #california,drought
"Hey @GavinNewsom
Why not require ALLgolf resorts to go to artificial turf and require all residential and commercial property to have drought tolerant landscaping.  Stop COWTOWING to the rich.

https://t.co/BWj9y8NgdQ",other
"@ByIanJames @mwdh2o @IIDatWork San Diego is proving to be a real drought ninja, albeit a costly one.

The fed will now negotiate with farmers on an acre-foot price for fallowing land. Expect something from Bureau by April, especially if it's a dry winter in the upper basin. 

https://t.co/gpVJB2lUGD",drought
"i love how wilbur is always trending, we are in an absolute drought of wilbur content and he still manages to be trending like how. he can show up for one second in a stream and boom. trending.",other
"Hey @GovJanetMills, would you care to explain why Maine DEP signed off on this? Thanks!
https://t.co/IJPx6yWuMy
#WaterIsLife #Maine",other
"@TimMacAndErny Ha! Ha! What a surprise. It has been a dreadful late summer in England. Drought, heatwaves, Sewage, and this er... sewage.",drought
"We can pump oil across this country in #pipelines but somehow have yet to do that with #water which is literally required to sustain life.  WHY?!?
#coloradoriver #Nevada #Arizona
https://t.co/QQvwKRk68V",other
"lune stans are either always going through a drought, or obsessing over one picture",other
"United Township is looking to be more physical in ‚Äò22. Panthers will feature an experienced defense, plus QB Matthew Kelley. 

Can the combo of experience &amp; talent end the UT postseason drought?

@uthsfootball // @Welch_UTFB // #PreVIEW üèà https://t.co/rsquaF4GyD",other
Mexican Drought Spurs a South Texas Water Crisis - Inside Climate News https://t.co/Q0em6RLjO7,drought
"Man after months of gaming drought I have Fortnite dropping DB skins, MK Trilogy coming outta nowhere and TMNT collection dropping at the end of the month all at once.",other
"Anyone know more about this? Seems like a viable option for the alfalfa issue if it can get funded. Microgreens to feed livestock instead of alfalfa saving a HUGE amount of water.

https://t.co/2mmE4sqUH7",other
Photos: Severe Drought in Europe  #photography https://t.co/OOnOmz1RrY via @TheAtlantic,drought
@RandPaul Sympathy?  Carbon is causing global warming. Global warming is causing insurance rates to go through the roof because unprecedented floods wildfires and massive storms not to mention drought in the largest water reservoir in the country.  You are no patriot Rand!,drought
"The city council has now approved $2 million that could lead to 1 million square feet of turf being converted to drought-tolerant landscaping.

¬†¬†¬†¬†¬†¬† https://t.co/sWIwcFrQmt",other
"The Netherlands adapting for drought. The country famous for its flood management.

If you need a snapshot of the paradoxical, juxtapositional weirding of life on a warmer planet - this is a good one. https://t.co/gGXHOwY7Kh",other
@DeheuB Not going to be too much color out there with this drought this fall.  A lot of stressed trees out there. Went for a hike today and was amazed how dried up all the underbrush was.,drought
"@boyfromdixie Beautiful
Mine was trampled by bunnies and meager flowering by drought",other
Nossaman's Alex Van Roekel and Mary Lynn Coffee examine Governor Gavin Newsom's 19-page plan that is designed to help California adapt to the impacts of climate change on the state's water supply. https://t.co/r9rueYqfg5 #water #drought #climatechange https://t.co/yMvRYU9ZY2,drought
"@gal_lugal @amital13 Let me guess, if thermic was shutdown, you now have an ""unusual"" drought and historically low water levels? I wonder why...",drought
"""Federal officials on Tuesday announced the first-ever ‚ÄúTier 2‚Äù water shortage for the lower Colorado River Basin ‚Äî a designation that triggers new water use reductions for Arizona, Nevada and neighboring Mexico next year."" https://t.co/PcXBbs6rnA #ClimateCrisis",drought
"I think george should follow more people on his alt account that are actually still in the fandom, so whenever we go through a content drought, he can see how much we miss him lmao",other
"Arizona and Nevada forced to ration water due to western mega- drought. #ClimateChangehoaxGQP
https://t.co/bwmfnFqIlV",drought
"How the Western drought is pushing the power grid to the brink
 https://t.co/GY5CF9tsHr",drought
"‚ÄòAmong the dead were a nursing mother whose baby was found sucking at her breast. Some 38,000 ppl are also facing acute starvation...according to the report.‚Äô https://t.co/MBG92KkWku @WFP @UNESCO @AP @nytimes @BBC @unhcr @UN @WorldBank @UNHumanRights #OromoIsStarving",other
"normally water under the bridge...

but we're in a drought and so you never know what might happen",drought
"For the second year in a row, Arizona and Nevada will face cuts in the amount of water they can draw from the Colorado River as the West endures an extreme drought.  https: Want more info? visit https://t.co/cRkrHoHtfa and FOLLOW @SoCalTelevision",drought
"How the Western drought is pushing the power grid to the brink
 https://t.co/XnXT4LX7tC",drought
"@eggpon__ @banjocanoe @RickCarusoLA Rick Caruso is a water waster, hosing down the sidewalk in a drought https://t.co/DqqdorHiNa",drought
"For the second year in a row, Arizona and Nevada will face cuts in the amount of water they can draw from the Colorado River as the West endures an extreme drought.  https://t.co/9DB7hZPu5Z",drought
Gravitas: Europe faces worst drought in 500 years https://t.co/ZgvXh7Do7M via @YouTube,drought
"‚ÄòAt least 12 people die from hunger in drought ravaged Guji zone, says official; residents put figure at 20‚Äô Reported by @addisstandard. https://t.co/MBG92KkWku @WFP @UNESCO @AP @nytimes @Reuters @BBC @unhcr @amnesty @UN @WorldBank @UNHumanRights #OromoVoice #OromoIsStarving",drought
"I tripped off of a pier, watched the Lego movie, saw the blinding light of whatever owns Twitter to make a tweet starting with a British drought and my lack of emotions and ending in childbirth, and got notice by Thomas sanders. Productivity",other
"The region is experiencing its driest spell in at least 1,200 years, research shows. https://t.co/hnqG2pzkn4",drought
@YTDN_ very :/ potential flash floods aren't good but neither is the continued drought,drought
Harry and Meghan are warned that a mountain lion is prowling close to their $14m Montecito mansion after drought drove it into the wealthy enclave &amp; are urged to protect their chickens. That‚Äôs some headline! Trump is a ü¶Å. Chicken is a code word for pedophiles. https://t.co/tXunAdwzQh,other
"Feds cut Colorado River allocation for Arizona and Nevada in 2023, citing need for 'urgent action' https://t.co/0zGmSYIkWe via @usatoday",drought
i‚Äôm gonna throw up i don‚Äôt know how much longer i can take this drought https://t.co/uu3HoINxpF,drought
"With ongoing drought concerns, you may wonder if the water you are living on won‚Äôt be available in the future. Stay tuned for a series of posts about what a drought is, statewide water-saving efforts, and household measures we can and are taking to ensure such a day won't arrive. https://t.co/aCMHplbEm3",drought
"I'm already in the northern part of a northern state. If I go any farther north to stay/get away from the heat, I'll have to go into Canada... 

https://t.co/pvPowa2JUJ",other
@ShaikhMoJr I only like it when we have a drought!,other
"University of the Philippines is bringing in a veteran mentor to snap its 40-year title drought in the University Athletic Association of the Philippines women‚Äôs volleyball tournament.

Full story: https://t.co/8RZyQAmDd9",other
"Climate change has doubled the chance of a California megaflood: Study. Well Cali make up your mind do you need more water or R you having a drought? it cannot B both ways.
&amp; I have serious news 4You as well, it‚Äôs not climate change. R U using darpa üåäüò≥üåä https://t.co/h5rLaHYrKn",other
"Why is England so vulnerable to droughts? ‚Äì podcast

https://t.co/4kzJB4nai9

Sent via @updayUK",drought
"University of the Philippines is bringing in a veteran mentor to snap its 40-year title drought in the University Athletic Association of the Philippines women‚Äôs volleyball tournament.

Full story: https://t.co/De0sOVTLYU",other
@caitylotz SEND SOME OF THAT TO COLORADO THEY HAVE A TWENTYTHREE YEAR OLD DROUGHT,other
Farmers in BiH are seeking Compensation due to Drought - Sarajevo Times https://t.co/EsCcElRr7e,drought
"Arizona and Nevada hit with up to 21% water cuts that start January 2023: Drying up Colorado River is draining Lake Mead and Lake Powell that are barely above one-quarter their capacity
via https://t.co/4bM0z7qnVP https://t.co/dX91D1OwRC",drought
@OtakuGod270 I‚Äôve been rewatching Breaking Bad and starting Better Call Saul waiting for Chainsaw Man cause we in a anime drought rn,other
@GoramTor Maybe a good idea to test and treat early if +. Lucky to find mushrooms. Drought here so no mushrooms. We usually have chanterelles and some honey mushrooms by now,drought
@will21ya Yes all the bad weather in your area is being pulled into an area of low pressure just south of Cape Cod and will back into Maine and bring thunderstorms and very heavy rain. We actually need it though we are experiencing drought conditions right now,drought
"Record growth, record heat, record drought: how will Las Vegas weather the climate crisis? https://t.co/J5oCkr9pDZ @gop  it‚Äôs very important that we start making the rich pay and cut back on their own water use @KathrynAMurdoch",drought
"Where I come from drought meetings are just called meetings.
The drought is implied lol https://t.co/9bHBY5Hy9H",other
DROUGHT REVEALS REMAINS HIDDEN IN POND! https://t.co/eCzZ1mILoe via @YouTube,drought
@Reuters US Air Force to reactivate SR-71 Blackbird so it can piss fuel over drought-stricken farmlands.,other
"High temperatures, drought in China affect drinking water, crops Amid the drought, other areas of China have been hit by flash floods, underscoring the effects of climate change on the vast nation of 1.4 billion people #Global by #TheHindu https://t.co/Xw0CUUKRzz",drought
"@GOP Human beings were trying to escape drought, poverty, and violence. #humanitarian crisis",drought
@LBC @BiancaJagger @Feargal_Sharkey @emilysheffield Yes. They should also face ten years in prison.  #water #sewage #drought #ClimateEmergency #criminals,other
"#HeyNext with all the talk about the low levels of the Colorado River, why, over the past 22 years of drought, had there not been a pipeline from the Mississippi River? They flood so often maybe it would help.",other
"@culladgh @rtenews Some people want laptops and fancy cars, some just want food to eat. https://t.co/5ZLDK5YCvA",other
"This is the good stuff! Steady rain, no flood issues, helps with drought. 

Should get a few hours of this tonight!

#9wx #COwx https://t.co/iWjkFCntya",drought
"The Extraordinary Challenges Texas Ranchers Are Facing
 https://t.co/5b9hoaVLiT",other
"Personally, I blame the drought in Utah on all the hot air coming out of Provo.",drought
The latest The #Water Daily! https://t.co/PjZ4QQAuUC Thanks to @WorldWater_News @WestCoastTeam @AndrewFcHoyt #water #drought,other
"‚ÄòAmong the dead were a nursing mother whose baby was found sucking at her breast. Some 38,000 ppl are also facing acute starvation...according to the report.‚Äô https://t.co/xLmvH5Xygb @WFP @UNESCO @AP @nytimes @BBC @unhcr @UN @WorldBank @UNHumanRights #OromoIsStarving",other
girlies don't worry once i finish this degree there will no longer be gl drought! jsjsnjsksjsms,other
@BetoORourke It‚Äôs called a drought,other
i‚Äôm in a DROUGHT. PLEASEEEEEEE POST SOMETHING!!!!!!!,other
Worst-ever drought devastates Europe amid capitalism‚Äôs climate crisis https://t.co/W8GJa0HI9G,drought
tapping through arianas story is like waiting for rain in this drought‚Ä¶ useless and disappointing,other
".@GavinNewsom
We need to address Big Ag's massive impact. How much money do you get from this industry? They're a huge carbon emissions problem too.
https://t.co/SFW3LhDXx5",other
"@chigrl I forget the exact years, but people were recognizing a ‚Äúhurricane drought‚Äù 10 years ago  or so",other
@GOPLeader @RepDavidValadao @RepLaMalfa @RepMcClintock @RepConnieConway @RepMikeGarcia @RepSteel @KenCalvert @JayObernolte @RepYoungKim @repdarrellissa Your tears when not elected speaker should solve the drought. Otherwise just keep ignoring climate change,other
"As drought hits, what are UK water company chief executives paid? | Executive pay and bonuses | The Guardian https://t.co/6A93BLO1lZ",drought
@PCGamesN @iboudreau @CrusaderKings That‚Äôs just Pok√©mon Scarlett after a drought,other
"Lake Mead has retreated due to drought, exposing several bodies feared to be linked to Mafia¬†hits https://t.co/cvwrWmXnZD",drought
Nevada water managers say negotiations have produced ‚Äúexactly nothing‚Äù meaningful for needed water cuts. Accusing some users of ‚Äúdrought profiteering proposals.‚Äù  Important to note the Las Vegas area gets 90% its water from the Colorado River. https://t.co/aPsFgQlTQp,drought
"‚ÄòAmong the dead were a nursing mother whose baby was found sucking at her breast. Some 38,000 ppl are also facing acute starvation...according to the report.‚Äô https://t.co/dzcvPPvpEq @WFP @UNESCO @AP @nytimes @BBC @unhcr @UN @WorldBank @UNHumanRights #OromoIsStarving",drought
"Drought in England could carry on into new year, experts warn https://t.co/ydIcNlY7Ww",drought
"Photos: Severe Drought in Europe https://t.co/y8GWjTVaMq via @TheAtlantic Enjoy the pictures. Collect them all as Earth transforms from green-blue to grey-black ash in the next few decades.

PERSIST!  RESIST!  RAGE!  RETWEET!  CIVIL DISOBEDIENCE!",drought
"""drought profiteering proposals...""

With $4 billion laying around, you better bet some folks are going to cash in. 

It's called ""Disaster Capitalism"".

#coriver 
https://t.co/fKBS31LoLz",drought
"West‚Äôs Drought Recovery Still Years Away Despite Recent Monsoons

https://t.co/DZK5P2Ldvp

#Environment https://t.co/dCw2kYy8jW",drought
"@paddockvi44 I mean I guess she had a lot of motivation at the moment- 

but like the drought- 

where does she get ideas-",other
"‚ÄòAt least 12 people die from hunger in drought ravaged Guji zone, says official; residents put figure at 20‚Äô Reported by @addisstandard. https://t.co/dzcvPPvpEq @WFP @UNESCO @AP @nytimes @Reuters @BBC @unhcr @amnesty @UN @WorldBank @UNHumanRights #OromoVoice #OromoIsStarving",drought
"Nice Man...would be a shame if he... Fell to Earth...seeking a way to ship water to his planet, which is suffering from a severe drought, and find himself at the mercy of human vices and corruption..",other
Centuries-old warnings emerge from riverbed as Europe faces historic drought https://t.co/KyzTV5DORX,drought
Nah fr because I need this drought to end already. https://t.co/uNtkQFDmEr,other
"@Bowie_N_Boone97 @WildFlower_0121 I have growth on my plums on a few branches- some kind of fungus? our weather has been swinging from flooding in spring to drought in summer, poor trees can't keep up

poor wee trees üò¢ https://t.co/ZgW00xs86D",drought
@Foats25 @barstoolsports What drought,other
"@TiborPNagyJr With all due respect mr tibor, these people can afford to pay üí∞ thousands of dollars to make fake lobbying case cause more than half of the population  are unemployed plus severe drought.",other
#LaNi√±a sea temperatures driving #floods in Australia and #drought in the United States and Africa https://t.co/8QcrgeMO1R via @ABCaustralia,drought
"#ecocide #ecologicalbreakdown

‚ÄúMore than 100 French municipalities have no running drinking #water and are being supplied by truck. (‚Ä¶) 40% of Italy‚Äôs agricultural output, is under threat.‚Äù

https://t.co/0bPFILttbn",other
one day the alphabet will begin to fear drought,other
"There are further stone markers below, so presumably levels sank even further pre-1750 when - I think - various climate records began being kept.

Unless stones have moved from original positions?

https://t.co/HNw9JmutU8",other
The #CAWaterWatchers Daily is out! https://t.co/EMKoAG45wN Stories via @DroughtDenise @Mic4815162342 @Mutnodjmet #drought #california,drought
"‚ÄòAt least 12 people die from hunger in drought ravaged Guji zone and hunger in Bale, says official; residents put figure at 20‚Äô Reported by @addisstandardcIvFmdSVaS @WFP @UNESCO @AP @nytimes @Reuters @BBC @unhcr @amnesty @UN @WorldBank @UNHumanRights #OromoVoice #OromoIsStarving",drought
@caughtsmart Aug 15 EWE:  Mexican Drought Spurs a South Texas Water Crisis. https://t.co/4m1uvo4gIU,drought
@caughtsmart Aug 15 EWE:  Northeastern farmers face new challenges with severe drought. #Climatecrisis https://t.co/NspZyVxrhi,drought
"Europe faces heat wave, raging wildfires and dire drought https://t.co/mK4IMSxd1I",drought
@carm625 Waterville. Drought-level waters in Hancock Brook which splits the park. The honeydew looks ripe and fresh. Guess I could have swiped it for a smoothie.,other
@LoveAbri And just standing there letting the water run in a mega-drought https://t.co/A8Xq29U5fw,drought
Gravitas: Europe faces worst drought in 500 years https://t.co/y4EMpTHAYP via @YouTube,drought
"@kk_1984 @DennisLBaker Ranching family here! We ABSOLUTELY need drought relief to help us out. Drought conditions affect the entire food supply, from crops to meat production. No rain? No crops to harvest. No grass for cattle to eat=a massive sell-off of livestock. Prices drop short-term then skyrocket",drought
"There's an historic drought in Ca and Alyssa has taken three long showers today. Perhaps she is still attempting to wash the""ick"" off after yesterday in the HN room. Also, no sign of her makeup coming off. #bb24",drought
"@caughtsmart Aug 15 EWE:  UK - After this drought, there will be another one: here are 10 things you should know. https://t.co/KBj5QJBdB9",drought
How long Griezmann's La Liga goal drought felt like: https://t.co/RbuZqPrhBl,other
@caughtsmart Aug 15 EWE:  UK - Drought: Why some UK trees are losing their leaves in August. https://t.co/mRqditGiVU,drought
"'This #drought isn‚Äôt going away anytime soon. One study projects a 75% chance that it lasts through 2030. But if climate change escalates unabated, dry conditions could last even longer.' https://t.co/8QSMQWoW8x",drought
"@caughtsmart Aug 15 EWE:  China - Yangtze river shrinks as heatwave, drought threaten crops. https://t.co/MFDYEhoHEX",drought
@grayishStray Our urban forest is an essential resource when it comes to fighting climate change. The amount of water we are asking residents to provide street trees at this time is insignificant in terms of drought impact on our water supply.,other
Tuesday‚Äôs deadline looms for drought-stricken states to cut Colorado River water useÔøº https://t.co/0o7NAA67e3,drought
@northernnurse12 @Bellbar5 @GioBruno1600 It's dried up due to a drought just like the Colorado river. Droughts have occurred for centuries. There are many rivers that were once here and no longer exists. It's been occurring since the beginning of time and no amount of money is going to change that.,drought
"@ASmithUCD @BringBackKern Focusing your article where you do validates the current system, in which a few tens of thousands of people are allowed to turn CA's water to their personal money.
Being OK with ""the drought will give ten thousand of them even more reason to privatize more intensely"" is uncool.",other
French farmer defies drought with sustainable crop ‚Å¶‚Å¶@USATODAY‚Å© ‚Å¶@CNN‚Å©  https://t.co/fbHgwzO0Nw,drought
Queensland farmers call for government review into drought declaration¬†committees https://t.co/IoKvECW7OB,drought
@AlexEpstein There is more to agriculture however than just CO2 levels right? I mean if you have increased fires and drought then the increased CO2 doesn't mean much.,other
Kohli last ODI century ‚Äì drought continues; three years and¬†counting https://t.co/4aw2PSaf9W,drought
"French climate activists fill golf course holes with cement, protesting against #water ban ...: Australian Broadcasting Corporation https://t.co/9kRTTGud6v #ClimateChange",other
"@FrederalBacon @EndGameWW3 Sure radioactive wind and water contamination is a bitch, but I'm pretty sure drought, famine and brutally accelerating climate change would kill more people, more evenly, perhaps even faster than kinetic/radiation damage to personnel and infrastructure.",other
"Nothing ESGs can‚Äôt fix I‚Äôm sure.

https://t.co/xWwlaFdcjq",other
"Loved working on this story with Gene Johnston and some of @AgriWebb's ranching customers to share drought-coping tips and strategies to fellow farmers and ranchers who are also finding themselves in a dry season.
https://t.co/XQdY9nyL3R",drought
"Lake Mead has retreated due to drought, exposing several bodies feared to be linked to Mafia¬†hits https://t.co/FRVrNexUs8",drought
"It's unfortunate eastern Iowa is missing the rain today, but at least it's falling over areas that really need it! Here's the current drought condition with an approximate outline of areas expected to see 1""+ of rain. #IAwx https://t.co/UX9UHZRWat",drought
WION Climate Tracker | NASA Satellite captures Britain turning brown due to drought https://t.co/tytNmJM9KT,drought
"A total of 119 people have been arrested for arson as a result of serious fires caused by a heat wave and severe drought in Portugal, affecting agriculture and other primary supply systems. üî•üöíüßë‚Äçüöí https://t.co/fAi86c9VUl",drought
The Welsh village that was flooded by the UK government that was in in 1980s and they wants more from Wales to help with the drought what's the Welsh water going to do charge them or going to make Welsh people pay extra,drought
@BoehlysCookin @CFC_DRM @thfcfan4 @_Eden7 @zzTHFC @FGerg514 @eurofootcom Not this season... but I'm confident our (embarrassingly long) trophy drought will soon end...,other
"‚ÄúI have to choose to take my cattle to auction early and sell them at a loss or a lower price ‚Äî or pay for more feed and still lose money.‚Äù
#yeg
 https://t.co/oumR3k4j3z",other
"@shepherd__jo Terrible to have drought in the UK, Jo. May it rain soon &amp; the streams run again! Nice to see your lovely working dogs are happy (if hot.)",drought
"How do you feel about the state of the world right now, the collapse of everything, fires, drought, heat, floods, famine, species extinctions and all the petty tyrants playing games with us?",drought
#Drought #LocalDroughtCommittees #JaneMcNamara #FlindersShire Queensland farmers call for government review into drought declaration committees - ABC News https://t.co/4tUOALn2Hn SignUp HiPeople https://t.co/sv0wUku2by,drought
"@DUPleader They‚Äôre not going to light it in this weather are they?!! 

Say no to bbq‚Äôs in open areas, but let‚Äôs set fire to a huge tower of crates during a heat wave &amp; drought ü´£

And you‚Äôre right. Bonfires always baffled me. Putting poor Guy on top forgetting the hedgehogs underneath. ü§∑üèª‚Äç‚ôÄÔ∏è",drought
@ThatEricAlper The longest Stanley Cup Drought in the NHL. ü§∑‚Äç‚ôÇÔ∏èü§¶‚Äç‚ôÇÔ∏è,other
Gravitas: Europe faces worst drought in 500 years https://t.co/uC7gS7tLpe via @YouTube,drought
@NeilBandtock Last week they said a drought till next year. Now they are on another script. ü§£ü§£,drought
@AuthorKimberley @deesbarbara @mathers_georgia Watching story on Grand Canyon &amp; how bad  Drought has become. If water level fall 45 ft they will loose ability to produce hydro electricity. To all the climate deniers enjoy. Oh by the way the west heat legal are on the Extreme rise,drought
A Horrifying Drought Is Causing Widespread Crop Failures Throughout The US And Europe https://t.co/d5sDDNxHfX,drought
@marekcornett Cold front amidst drought,drought
Climate change: Drought highlights dangers for electricity supplies https://t.co/4V3ke0yzuy,drought
"@oo_oluwayinka @PoojaMedia In some games too salah was totally useless 
Last season salah carried the team to an extent but suffered goal drought in some 
Many of those games mane stood up and did his magic",other
"From a secret garden, to a lost shipwreck, to a Roman shoe, extreme heat and drought is revealing our forgotten history https://t.co/CJA45IdrJv #archeology #ClimateCrisis",drought
"‚ÄúWe‚Äôve still got lightning, but our risk of those spreading beyond something we can control with the fire suppression resources that we have here diminishes,‚Äù said @BLMUtah‚Äôs fire management officer. https://t.co/FhSvM6i7x5",other
"‚ÄòAt least 12 people die from hunger in drought ravaged Guji zone, says official; residents put figure at 20‚Äô Reported by @addisstandard. https://t.co/oyZL1VmeFh @WFP @UNESCO @AP @nytimes @Reuters @BBC @unhcr @amnesty @UN @WorldBank @UNHumanRights #OromoVoice #OromoIsStarving",drought
"We're heading for a frightening time, all over, but personally the UK. The drought will have an impact next year, as will problems with trade and energy (Brexit). As I said to a friend q few months before Covid, shit will soon get weird.",drought
"RealAg Radio, Aug 15: Drought, fertilizer costs, fall planting plans, and the sweetest sweet corn https://t.co/j5YfVAE9ir",drought
Never a better time that this terrible drought to #killyourlawn,drought
Monsoonal rains flood parts of drought stricken West https://t.co/Y1mBwJ2fJX,drought
"Government must ‚Äòoverrule nimbys‚Äô on new reservoirs, says infrastructure tsar https://t.co/5XEfZRQqRc",other
Alyssa causing a drought in LA all on her own 3rd shower since 10am #BB24,other
Spaghetti sauce and ketchup are soaring as drought puts the squeeze on tomato crops in top producing California https://t.co/nDrco12mEs,drought
"‚ÄúThis year was looking encouraging, but there‚Äôs such a deficit of the moisture in the soil we have nothing to rely on for any dry spells.‚Äù
https://t.co/gMeFw6PJcN",drought
"@simon_fawthrop Doesn't this just reflect the miracle of modern infrastructure and petrochemicals.

Worse drought in 500 years and everyone has plenty of food and water.",drought
"‚ÄúThis year was looking encouraging, but there‚Äôs such a deficit of the moisture in the soil we have nothing to rely on for any dry spells.‚Äù
https://t.co/VYP0A7PnFD",drought
"Amid continuing drought, the 2022 hay supply data illustrates why so much herd liquidation has occurred this year and speaks to the challenges that cattle producers will face to get through the winter. #drought #hay #AgTwitter

https://t.co/Qaj1dYwcNT",drought
im telling y‚Äôall she saw me complain and made a video with a bunch of her selfies to make up for months of drought https://t.co/sX18KIqHwG,other
@askmaxggs Yo i love rain . we are currently suffering drought but it could be raining now im not sure i can‚Äôt see our,drought
"@LBCNews OH No !!!!!!!!! 
But what about the drought, and hosepipe ban?? 
(When you do a timeline of events, it all becomes a fear/panic BS machine)",drought
i hope one day i can say that i survived the bebez drought https://t.co/CxOCg8bGNm,other
(https://t.co/7XmLgOtpxA):#Drought forcing tough water decisions in #Colorado River Basin : Seven states and 30 Native American tribes lying in the Colorado River Basin prepare to make hard choices as water levels plummet due to drought. .. https://t.co/WJs132T4Wm,drought
(New York Post):#French activists fill golf holes with cement to protest watering exemptions during drought : France has told residents to avoid non-essential water usage like car-washing and watering gardens during one of the .. https://t.co/oYIjVFRwQk,drought
"@sarahmullins @abcadelaide In the last 12 months, the humanitarian situation in Afghanistan has deteriorated, with crippling drought, an economic crisis, rapidly rising poverty levels and an escalation in human rights violations.",drought
"@RLBraithwaite @MrRexPatrick @ScottMorrisonMP Wait‚Äôll we hear Morrison was also  sworn in as Drought Envoy! üòÅ

üé∂ ‚ÄúWhen I think about you I text myself‚Ä¶‚Äù",other
"Thank you for ending the drought.
Never forget 4th and 12. Wish I could tag meatball Kyle #95
@TyrodTaylor @CutonDime25 @EWood70 @andydalton14",other
The latest The #Water Daily! https://t.co/mGpartqTAL Thanks to @arclight2011 @DschinnZhang #water #drought,drought
"Nothing to do right now, Just keep talking about what is happening and we always participate in raising awareness. At this point,I will continue to participate and talk about drought in the marshes on social media, and you do not forget to raise awareness about this tragedy https://t.co/Omd1JbhRKT",drought
"Before and after.. Pictures showing the drought in the Iraqi marshes during these days of summer..
 Photos of drought I took during the month of July
And the previous photos, some of them I took in March and some are from last year #saveiraqimarshes https://t.co/Zn8nk46iw8",drought
"@ramalad Earthquakes, Arsenic, Meteors, Drought‚Ä¶Republicans",other
"One week after snapping his 65-race winless drought, @KevinHarvick went back to victory lane at @RichmondRaceway.

@StewartHaasRcng 

https://t.co/VIPoVWOLCS",other
"From a secret garden, to a lost shipwreck, to a Roman shoe, extreme heat and drought is revealing our forgotten history https://t.co/8fpKXGoNua via @business",drought
"The Pacers now have the second-longest Christmas Day drought with the Grizzlies' first game. The Pacers haven't played on Christmas since 2004, only Sacramento (2003) has gone longer. https://t.co/pC6Sa3ApuS",other
"[Lol, I‚Äôm watching this ad on TV, meanwhile the main rivers in Europe have become dry riverbeds due to the climate crisis accelerating a drought! Death of a lifestyle!]

Viking River Cruises Commercial (:60) https://t.co/YPnDR5iXOb via @YouTube",drought
@N17_SAUL @FabrizioRomano On a trophy drought but they're 'huge'ü§£,other
"Rishi Sunak In Hot Water Over Rs 3.8 Crore Swimming Pool Amid Drought In UK: Report - NDTV https://t.co/AkGb53gMO2.

Mr.RISHI SUNAK LEAVE UNITED KINGDOM AND COME TO INDIA. WIN ELECTION NO ONE WILL QUESTION &amp; YOU CAN MAKE MONEY ALSO.",drought
@LilDaddytater You don‚Äôt understand now that I‚Äôm single my sex life has been on a drought üòí I need DICK and I NEED it NEOW,other
@FalconryFinance Upon further thought I think you'd get a kick out of reading the local newspaper opinion section debates about how the real solution to the American west drought is to build a pipeline from the Mississippi river.  Not for ideas it's just uniquely stupid.,drought
"NO! I still want to do the 14 Day Viking trip!

Europe's drought could signal the death of river cruising https://t.co/HU1t6QG243",other
This is not good üôÉ https://t.co/pxOw5hRfg6,other
"(2) This happened on the east coast of Australia, which was inundated with torrential rain and flooding earlier this year.

She also vaguely predicted that large cities would be hit by a drought and crippling water shortages - though this could be interpreted as happening anytime",other
@trevorbmbagency some more information https://t.co/cvBj9BX96c,other
the whole üá∫üá∏ is under drought situations,drought
"@PerfectZionB And when it was on fire recently, an article said they were low on water because of the drought. TMH said, I‚Äôm taking care of that drought problem üò¨. Same thing is going to happen in California. We‚Äôre already being told to expect floods. TMHs will be done üôèüèΩ.",drought
cant wait for the Big Drought,other
"@faraway_lights @AssaadRazzouk We've had the benefits and now we are paying heavily for them. Not sure how you can say ""outweigh the impacts""? I guess you're not affected by 53.6¬∞C temperatures, ferocious flooding or drought, yet. Lucky you, but it's not just about you. You have to think in larger terms...",drought
@natsmillie City parks with walking trails and native drought-resistant vegetation could actually provide more exercise than a golf course ü§î,other
@BigDawg4Life93 @BeardedApstlic Repeating a double decade drought yea I know,other
"Europe is suffering from a historic drought that's revealed stones known ""Hunger Stones"" with one reading ""If you can read me weep."" With the severe drought coupled with Russia's war on Ukraine, there's going to be a lot of people who soon be hungry!
https://t.co/zIaWh1RVsf",drought
"@redcrew @jen4web It's a true rain forest. Even though most of that part of Maine is in a drought, the frequent fog makes it a lush oasis. You could hear the drops of water falling as they condensed on the tree leaves!",drought
"'Climate activists in southern France have filled golf course holes with cement to protest against the exemption of golf greens from water bans amid the country's severe drought..group targeted sites near Toulouse, calling golf the ‚Äúleisure industry of the most privileged‚Äù..'",other
"Mexico‚Äôs president proposes ban on beer brewing as drought intensifies   via @FT
 https://t.co/i6XsMYBp1l",drought
"@natsmillie Hah! We'll have forgotten about the drought by next week! Look how soon we've forgotten about Covid, Brexit, people drowning in the Channel, Ukraine, austerity, the NHS, Epstein's black book, the Met and all of those files this govt have lost",drought
@NorthWalesStorm Thanks for the heads-up üôè Looking forward to @CyngorGwynedd issuing their drought order later today ü§îüôÑüòâ,drought
"@BorisJohnson Thought you‚Äôd decided against ‚Äúaction‚Äù. No action on cost of living crisis, fuel bills, drought and other climate change issues ... and the rest. You can go now and stop this attention seeking.",other
Mf‚Äôers in a drought anyways https://t.co/hUrVUHMroT,other
"While the drought is still going strong, why not take advantage of the dry weather and tackle outdoor projects, like #roofmaintenance? For ideas and resources, read ""Batten Down the Hatches"" from the #EichlerNetwork archive: https://t.co/fNkX41Onk5 https://t.co/2AFCrN4YsM",drought
"@YonasGeda @PowerUSAID @WFP @USAID @minderoo @AP It‚Äôs not a stereotype, there is famine and severe drought now.",drought
@alerts_here_ @JWeissNYC @cooperslavin @Phillies Doesn't matter ... stay focused.  36 year world series drought.,other
"Flooding, drought, land degradation, loss of soil fertility, water pollution, and sedimentation are transboundary environmental problems which the #GERD solves for all Nile-basin countries. https://t.co/uYo3Eb1QsL #GreenLegacy #COP27",drought
"Flooding, drought, land degradation, loss of soil fertility, water pollution, and sedimentation are transboundary environmental problems which the #GERD solves for all Nile-basin countries. https://t.co/1CrQ0mEzcy #GreenLegacy #COP27",drought
"Flooding, drought, land degradation, loss of soil fertility, water pollution, and sedimentation are transboundary environmental problems which the #GERD solves for all Nile-basin countries. https://t.co/cMfUHDzI0s #GreenLegacy #COP27",drought
The #CAWaterWatchers Daily is out! https://t.co/i9EXAvXQlz Stories via @ivdailybulletin @miyashay @marciasgreen #drought #california,drought
@DerGermanTiger Wasn‚Äôt that before your 31 year playoff win drought?,other
"@L3GSV Lake Mead has unearthed a few during it's drought. Back in the day, the Mob in  Las Vegas fitted concrete boots to plenty of their rivals.",drought
@MayoIsSpicyy We have a drought here in Jersey so cry on MAGAts!,other
"The last drought of no playoffs was ""the Lieberthal drought""
Mike arrived in 1994, left in 2006.
We made playoffs the year before his arrival and the year after his departure. It's ashame cause I liked Libby.  @SportsRadioWIP",other
"Here is a look at the first part of the upcoming week. 
The good news: the threat of a coastal storm is diminishing. ‚úÖ

The bad news: chances for appreciable rainfall to make a dent on drought conditions is lowering. ‚ùå
#PAwx #NJwx #MDwx #DEwx https://t.co/OMbDMkbOpv",drought
"12 year playoff drought after '94 before We Believe

only wolves, kings, and clips have longer droughts",other
"@mikepompeo I heard you were very coy with your answers to the @January6thCmte . Why on üåé would we favor listening since in the time you had, did you do anything? Texas is over 95% drought. You gave the 1% $$$$$$$. That doesn‚Äôt say much. How about those lavish dinners you put on for donors",other
"Drought &amp; climate emergency, the 1616 version
#ClimateEmergency 
#ClimateCrisis 
#ClimateScam 
#climate https://t.co/F9MBkAeNKV",drought
There has been rain (at least a little) on my yard for three of the last four days and I truly am a little overwhelmed by how grateful I am for this little reprieve from the drought.,drought
"Yes, why should fun be allowed during a drought. It's imperative that all the jobs generated by golfing be lost because you are mad you can't wash your car. 

French activists fill holes with cement in protest at watering exemptions https://t.co/AcUhiB8eqP",other
#60Minutes the drought segment seemed outdated   was this a repeat?  Las Vegas is being hammered by monsoon rains,drought
"#NASA #UnitedKingdom #Britain #GlobalWarming #ClimateCrisis 
Rt
NASA satellite captures Britain turning brown due to drought https://t.co/lhieLsIiz2",drought
"Drought is reshaping urban norms as municipalities ban ornamental grass and water-guzzzling grass.
https://t.co/it0n85Wsbj",drought
It‚Äôs a Drought out here.,drought
"@POTUS Need to also focus on prime power to fill those batteries. If not, you're just walking around a drought trying to solve it with empty buckets. Time to reconsider nuclear energy to power the grid.",other
There's a drought of Fanta amid the Chicken Pox pandemic,other
@MayoIsSpicyy We are in the middle of a drought thru‚Äô out the SouthWest-a shame that the salinity of the MAGA tears will keep it from doing any good,drought
"As UK faces worst drought in decades, how executive excess has engulfed our biggest¬†suppliers https://t.co/TYlHo8FCgB",drought
The biggest reason why Democrats are going to win in Arizona . Republicans don't have a clue they're so far up the fossil fuel industry's ass they've lost sight of the Sun. When I arrived here in 2008 It was already a 15-year drought with no restrictions whatsoever. https://t.co/uJooKUkZ5I,other
"Water levels have dropped in major rivers across Europe as the region suffers under a historic drought. In those dry riverbeds, centuries-old warning messages have emerged, locals report. https://t.co/2W4G6NJ0yz",drought
"What happened to the other 8 billion that was supposed to be used to avert this crisis many years ago??? Same shii different day. 
#California #GavinNewsom #water
https://t.co/O8YVS4853r",other
"such a bad drought theres almost no water in the well and showers are nearly impossible bc the water freaks out and stops within a few minutes and I got longer hair so my showers usually are like 15 mins and after like 3 mins the water starts freaking out :,)",drought
USA French activists fill golf holes with cement to protest watering exemptions during drought English¬†Headline https://t.co/bzYGjU1rm1,other
"@Rozzzar @newsmax Can you name a Democratic priority?
How about climate and energy? 
Lower drug prices?  
Drought funding? 
15% minimum tax on corporations making $1 billion or more?
1% excise tax on stock buybacks?
How are these ""out of touch""?",other
This drought is crazy üò≠üò≠ especially with my  üö© on my mood swings off the roof üòÇ,other
Mass crop failures expected in England as farmers demand hosepipe bans | Drought | The Guardian https://t.co/5Jhn4p40y9,drought
@CarolIOWgroomer @Misty19901991 Apparently the cereal crop they eat produces a poison in drought conditions,drought
"More of this.

https://t.co/H99xgQoinb",other
"@saja0486 After this week, yep, it means the end of the heatwave =D Plus half of England is in drought D:",drought
Europe‚Äôs rivers run dry as scientists warn drought could be worst in 500 years https://t.co/s1Jw6n0K4w,drought
"@naveenjrazik @geoffsmith55 @PatsKarvelas What‚Äôs the bet rules weren‚Äôt in place because until 2019, all PMs had a shred of decency. Morrison is a loophole-finding machine. 

See also: drought reports, investigaetjens, robodebt, Covid commission, election day boat scare, overuse of ‚Äúmember no further heard‚Äù‚Ä¶ #auspol",other
Great new for drought stricken areas of the United States!  The forecast is calling for a 100% chance of buckets full of maga tears this week!  @DonaldJTrumpJr @FoxNews @wchannelband  #TrumpIsANationalSecurityRisk #MAGAmeltdown #magatears,drought
"@prophetoffett2 @LucasAG911 @EthanPlotkin @AceEpperson313 @PFF Ok? At least we don‚Äôt have the leagues longest playoff drought, have won a playoff game since we came into existence, much less make it to a conference championship, we haven‚Äôt wasted multiple HOF careers. But yeah, we picked #1 2 years in a row. Good burn",other
Hawks had a 32 year Christmas game drought bruh LMAO,other
Worse drought in 500 years and @CNN thinks the big story is how that will impact river cruising? https://t.co/Su1WkN9wa0,drought
"@fictillius Next time we have a drought, whichever gov is in charge will get slammed for ""wasting"" the opportunity to have stored more water to avoid the shortage
And of course if they did allow more storage, then next flood they get hammered for letting it spill",drought
"@WifeyAlpha Careful, could be a secondary reaction. Head fake. The big boys are teasing you with those 40% days. Whatever you think, it will be worse. ST trend is wet, LT trend is drought. üòüü•µüòâ",other
".

the drought of summer
slices through
my thoughts

#senryu

.",other
"@MarinaPurkiss In 1976 Denis Howell was Minister for Drought. Later heavy rainfall caused widespread flooding, and he became known as ""Minister for Floods"". During the harsh winter of 1978‚Äì1979 he was Minister for Snow. From https://t.co/tNE7VuefxQ",other
Drought forcing tough water decisions in Colorado River Basin ‚Äì Major League Baseball News https://t.co/SnNfwkAGlX,drought
"Spaghetti Sauce Is Under Threat as Water Crisis Slams Tomatoes

Tomato paste, ketchup prices surge¬†as drought shrinks California crop.

https://t.co/b7oJ28YkmJ",drought
"@leadlagreport You should provide more context. Coz climate change tenticles have broad reach, it lies behind many 2nd, 3rd order events. Such as drought in Europe causing low rivers, lead to less nuclear power, and Norway hydro so cutting gas export to UK. Crop failure, mass migration etc etc.",drought
"Big days coming on the #Wye river‚Ä¶sculptor Philip Chatfield is highlighting the devastation to water quality, quite apart from the drought, and paddling a statue of #OurLady from #Hay to #Monmouth over this week. Many opportunities to join and pray along the way‚Ä¶as you can see. https://t.co/zYsSWl2dN8",other
@TheUSASingers @JStatePost Indeed. Democrats are the kind of people that turn republicans in for watering their lawn during a drought and then sneak watering their lawn at 3am.,drought
@RSRMars Just watched the forecast for the week ahead sis. The thunderstorms won't be hitting our area. It will stay dry with another heatwave coming in next weekend. Early indications suggest that the drought will continue into next year,drought
@juliathelast Source: https://t.co/BXYLJ70i5O,other
"In #Chile, Even Water Is Privatized. The New #Constitution Would Change That. In the midst of a devastating #drought, Chileans vote to replace the Pinochet-era constitution with one that calls #water a #humanright. https://t.co/3X60WN0Tpk",drought
"@Fred3348 @OVN we likely have lost  capacity as the Thomas fire 2017 burnt up alot, but little rain to move the sediments.

Of course this is all unstable geology, and Matiija Dam is totally silted in....since the early 1980s....

Meiners Oaks famous for hogs surviving a 1930s drought.",other
"From a secret garden, to a lost shipwreck, to a Roman shoe, extreme heat and drought is revealing our forgotten history https://t.co/DTPDGVEVIk",drought
"‚ÄúThe current drought was a warning that water systems could not cope with the changing climate, with more hot dry spells interspersed with heavier rainfall, said Sir John Armitt, chair of the @NatInfraCom ‚Äú",drought
@jreineron7 I mean how much rain would we actually need to put a dent in the drought at this point? Would one long hard rainstorm do it? Seems like we would need a lot more than that but I'm going to leave that up to the experts.,drought
Drought forcing tough water decisions in Colorado River Basin https://t.co/GuSNbU2tYZ,drought
"@mary_firefly Oh nooooüò©üò© I hope it rains for you soon!!üíó 
I'm currently in a drought but keep getting occasional severe thunderstorms -- last one had 80 mph windsüòÖ",drought
The Texas drought is hard on us and the wildlife... #TwitterNatureCommunity #Birdphotography https://t.co/eG8j4cvXW2,drought
"Flooding, drought, land degradation, loss of soil fertility, water pollution, and sedimentation are transboundary environmental problems which the #GERD solves for all Nile-basin countries. #GERD4All #COP27 https://t.co/KN0loshuQv",drought
"As UK faces worst drought in decades, how executive excess has engulfed our biggest¬†suppliers https://t.co/0bHmEC4U1E",drought
"Italy's Lake Garda near historic low amid worst drought in
decades https://t.co/Zru2doJmny",drought
"üíßWall Street Owns Your Water; You Just Don‚Äôt Know It Yet
They‚Äôll be selling it to the highest bidder
#Climate #Drought #WaterCrisis
https://t.co/Afxi9816ma",other
"‚ÄòAt least 12 people die from hunger in drought ravaged Guji zone, says official; residents put figure at 20‚Äô Reported by @addisstandard. https://t.co/fCNY4RnNZZ @WFP @UNESCO @AP @nytimes @Reuters @BBC @unhcr @amnesty @UN @WorldBank @UNHumanRights #OromoVoice #OromoIsStarving",drought
The latest The #Water Daily! https://t.co/4hrjp8Msbp Thanks to @ILgreenbuilding @PalestineChron #water #drought,drought
THIS TAEHYUNG DROUGHT HAS GOTTEN ME FJFJKDDKKDKDüè≥Ô∏èüè≥Ô∏èüè≥Ô∏èüè≥Ô∏èüè≥Ô∏èüè≥Ô∏èüè≥Ô∏èüè≥Ô∏èüè≥Ô∏èüè≥Ô∏èüè≥Ô∏èüè≥Ô∏èüè≥Ô∏èüè≥Ô∏èüè≥Ô∏èüè≥Ô∏èüè≥Ô∏èüè≥Ô∏èüè≥Ô∏èüè≥Ô∏èüè≥Ô∏èüè≥Ô∏èüè≥Ô∏èüè≥Ô∏èüè≥Ô∏èüè≥Ô∏èüè≥Ô∏èüè≥Ô∏èüè≥Ô∏èüè≥Ô∏èüè≥Ô∏èüè≥Ô∏èüè≥Ô∏èüè≥Ô∏èüè≥Ô∏èüè≥Ô∏èüè≥Ô∏èüè≥Ô∏èüè≥Ô∏èüè≥Ô∏èüè≥Ô∏èüè≥Ô∏èüè≥Ô∏èüè≥Ô∏èüè≥Ô∏èüè≥Ô∏èüè≥Ô∏èüè≥Ô∏èüè≥Ô∏èüè≥Ô∏èüè≥Ô∏èüè≥Ô∏èüè≥Ô∏èüè≥Ô∏èüè≥Ô∏èüè≥Ô∏èüè≥Ô∏èüè≥Ô∏èüè≥Ô∏è,other
I haven't watched Boruto in 9 months staright my longest drought without watching an episode and I don't plan on killing it untill the anime gets back to adapting the manga https://t.co/Gi2Hgk4cZd,other
Source of UK Thames driest on record as drought¬†approaches https://t.co/wvfMwGqq0r,drought
Centuries-old warnings emerge from riverbed as Europe faces historic drought https://t.co/UxZS4uA6XD,drought
‚ÄòHunger stones‚Äô resurface as Europe faces historic drought | Miami Herald https://t.co/G1uA6g58zL,drought
Europe‚Äôs rivers run dry as scientists warn drought could be worst in 500 years https://t.co/5y0mo1tfLD,drought
"This is very very interesting!
#history #drought 
https://t.co/naFJPzTYxc",drought
Europe‚Äôs rivers run dry as scientists warn drought could be worst in 500 years https://t.co/FoUzZJPHoC,drought
"@DanRather Is it floods than you better move to high ground. Or maybe by heat? I forget is it heat &amp; drought or cold and floods going to get us this time. Hard to keep up been hearing the BS for 50 years, I have plenty to drink, and my feet are dry.",other
Italy‚Äôs Lake Garda Shrinks to Near-Historic Low Amid¬†Drought https://t.co/GLpJc5lkkw,drought
"@HalaGorani @HalaGorani‚Ä¢|¬Æ¬Æ¬Æ¬Æ 
France Wildfire of Bordeaux has burned Through 7,400 hectares.
and drought officially declared in several parts of England
#.united states:$430 bin climate 
and tax bill into law./billion for clean energy &amp; climate./.billion for health/Minimum corporate tax.",drought
"@HalaGorani Firefighters.extreme weather.Heat wave.pave.drought.Europe.Ukraine
Monitor land.t2.irrigation‚Ä¢|‚Ä¢volt
France wildfire |footage from satellite.and
1,100 firefighters in Southwest
Reinforced by 361 comrades from
European neighbours.
A lack of air force.|.equipment plane.&amp;.Helico",drought
"@matt_swee Would have been the first time ever a team with an absolute shambles of a defence won the league solely because of him, if he doesn‚Äôt bite ivanovic and miss the first 5 we walk it not to mention he went on a 5 game drought  and broke it at Southampton (a) lot of people forget tha",other
"‚ÄúShocking photos show impact of drought on Europe‚Äôs life-giving rivers‚Äù by @euronewsgreen 
https://t.co/npuIqzt02Z",drought
@shanlei00 @FRD68 @RepJayapal Climate change is a hoax!!  Al Gore said back in the day if nothing was done about climate change California would be under water and that was 1985... last I checked California is in a drought!!  üî•üî•üî•üî•üòÅüòÅüòÅüòÅ,other
UK weather: extreme heat warning in place for England and Wales as near 500% increase in wildfires reported ‚Äì as it happened. https://t.co/u6Wrf2olvK,drought
"https://t.co/DEUfSK4uGD We all have a part to play in surviving this year's drought, writes Water Minister STEVE DO‚Ä¶ https://t.co/zKZgusAowb https://t.co/EGTavx0JyA",drought
"We all have a part to play in surviving this year‚Äôs drought, writes Water Minister STEVE¬†DOUBLE https://t.co/9OKAYM5XeI",drought
"We all have a part to play in surviving this year‚Äôs drought, writes Water Minister STEVE¬†DOUBLE https://t.co/mZse8QmMSr",drought
"@johnredwood Do you get that there are natural limits to our needs?

Do you know water companies lose billions of litres every day due to leaks?

Have you seen the state of our chalk streams?

Do you understand what happens to wildlife which depend on our over-abstracted rivers in drought?",drought
"Macca just said bring back the drought cause he doesn‚Äôt like all the weeds in his garden, only had the radio on five minutes, five minutes too longüòè",other
Climate change: Drought highlights dangers for electricity supplies - BBC News https://t.co/NXLR8x5P5k,drought
"Andy Vermaut shares:Drought Hits Nearly Half of Europe. Experts Warn It Could be the Worst In 500 Years: submitted by  /u/brainybeauteen  
 [link] [comments] https://t.co/1b5N1d2m6I Thank you! https://t.co/wSSzrA4w37",drought
"...the present drought, fires everywhere ...due to Climate change ...
https://t.co/xnEfMQcrMd https://t.co/btc4epkVG2",drought
Meanwhile in Europe https://t.co/e6doF1LUVd,other
@Brotherwtbeard you literally don‚Äôt know what that feels like your team is in a drought,other
Europe faces wildfires and extreme drought amid record heatwave https://t.co/mdE8kn2waj,drought
Italy's Lake Garda Shrinks to Near-Historic Low Amid Drought https://t.co/mJSP72m2Xw,drought
"EUR/USD Rallies, Gas and Drought Remain a¬†Worry https://t.co/QBVzzI21jd",drought
Europe faces wildfires and extreme drought amid record heatwave https://t.co/DrwMOX9pb4,drought
"Just heard someone at my table who‚Äôs moving to the UK talking about the drought there ‚Äúand because of Russia, they‚Äôre energy bills are through the roof.‚Äù Ha. Sucks to suck.",drought
Centuries-old warnings emerge from riverbed as Europe faces historic drought https://t.co/YpxaFOHyl0,drought
"@CNN Drought, ecology, environment will be seriously affected",drought
"We all have a part to play in surviving this year‚Äôs drought, writes Water Minister STEVE¬†DOUBLE https://t.co/LgzcXxWXcE",drought
"We all have a part to play in surviving this year‚Äôs drought, writes Water Minister STEVE¬†DOUBLE https://t.co/vF9VwmbFLp",drought
"We all have a part to play in surviving this year's drought, writes Water Minister STEVE DOUBLE
https://t.co/UVFs3GnLrI",drought
IM GOING THROUGH A TAEHYUNG DROUGHT....COME HOME PLEASE...IM ON THE EDGE RN HANGING BU A FINGER PLASE TAEHYUNG *GROWLING* PLEASE.COME.HOME.PLEASE.I.CANT.BREATHE OH GOD SSKSKSKDJFJFJFJJFNFMFNFN,other
"@yabouhti @PeterDClack Be careful what you wish for, rivers in Europe are drying up because of climate change induced drought.",drought
"Heatwave temperatures could reach 35C as drought, thunderstorms and wildfires hit¬†UK https://t.co/6u5UA3nelc",drought
"‚ÄúCrops, power plants, barge traffic, industry and fish populations devastated by parched waterways‚Äú
[Europe‚Äôs rivers run dry as scientists warn drought could be worst in 500 years | Rivers | The Guardian] https://t.co/0YVISUpJTI",drought
"https://t.co/s1iKQHC7mP
Anxious time for farmers forced to use winter stores in drought https://t.co/NpNy9oWF1R",drought
"""HUNGER STONES"" üôÑ
The stone, dating back to a drought in 1616, is once again visible in the dry riverbed, Hern√°ndez-Morales said. The warning reads, ‚ÄúWenn du mich seehst, dann weine‚Äù ‚Äì ‚ÄúIf you see me, weep.‚Äù
https://t.co/iwEcYZicQZ",other
"@NotOnMyWatch000 @AConcernedPare2 It's not a hoax.

LLL EWE:  Palau - Strengthening multi-hazard early warning in the Pacific: new research on storms, droughts. https://t.co/WW6p4lBq6a",other
The #CAWaterWatchers Daily is out! https://t.co/8kzXQTauBg Stories via @seamallowance @tulpabeing #drought #california,drought
@drmslesbian HELP i literally told her once i‚Äôm going to üì¥ myself if dream doesn‚Äôt move soon (during a big dream drought) and she thought i was srs üò≠,other
Centuries-old warnings emerge from riverbed as Europe faces historic drought https://t.co/bGHtlSxUeC,drought
Italy's Lake Garda shrinks to near-historic low amid drought https://t.co/0K3bNt54sh [via @YahooNews] https://t.co/uYATs3kXyH,drought
"@Scarsbrook_G @MattHancock The is no hoax.

LLL EWE:  Palau - Current and future disaster impacts include extreme weather events, cyclones, drought, flooding, sea level rise and ocean acidification.  https://t.co/TsfeiSD9YJ",drought
Climate change: Drought highlights dangers for electricity supplies https://t.co/2cUPAbHh7p,drought
WE have drought warnings right here in Hadley Massachusetts. take down the damns. https://t.co/z2XmMxul5H,drought
Italy‚Äôs Lake Garda Shrinks to Near-Historic Low Amid¬†Drought https://t.co/kVw4o9za64,drought
"Drought Map for Europe from the @CopernicusEU ""European Drought Observatory"". https://t.co/JaG13oXlLk https://t.co/TeVOSobCuO",drought
"All the solutions that could have helped us in the U.S., you &amp; your colleagues voted AGAINST. OH &amp; don't forget the climate issues - you know, drought right here in the U.S. that impact food supplies! Yeah that. Drives up prices ya know?",drought
"We all have a part to play in surviving this year‚Äôs drought, writes Water Minister STEVE¬†DOUBLE https://t.co/Pw7Z19v2F2",drought
"The Rhine is running dry, wildfires are raging in France &amp; Europe is facing its worst drought in 500 years https://t.co/v0UQEqVT5p",drought
"@andybeega @HicksTammas @perdricof It's a complex topic. Germany doesn't have any primary forest. A lot of it is monoculture plantations which don't support biodiversity &amp; are vulnerable to pests, fire &amp; drought.   Almost 5% of Germany‚Äôs total forest areas have been lost since 2018.  https://t.co/ksfZ2w55Jh",drought
"This summer has been record heat, a record drought, and record demand in Texas with all the business and residents moving here

ERCOT has withstood all of it, and I believe they‚Äôre the only power grid that can

That‚Äôs a headline you won‚Äôt hear out of the left

#Ercot #Texas",drought
"We all have a part to play in surviving this year‚Äôs drought, writes Water Minister STEVE¬†DOUBLE https://t.co/Zm9cRUrzkD",drought
"The Premier has had seven years to create a well-organised plan to drought proof Queensland. 

But again, they have missed the mark.

Instead, they are having leaks from Cabinet and this internal war means their priorities are wrong and they‚Äôll continue wasting taxpayer money.",other
Why drought on the Rhine spells trouble for Germany ‚Äî and the UK https://t.co/7FWpS1C0m2 https://t.co/xHdt1fW6of,drought
"Producers can stretch hay supplies by substituting 1 pound of grain to replace 2-3 pounds of hay. 

Cattle need at least 0.5% of their body weight in dry matter of forage per day. 
.
#forage #hay #drought #Cattle 
https://t.co/qs35cxmYYM",other
‚ö°Ô∏è ‚ÄúShocking photos show impact of drought on Europe‚Äôs life-giving rivers‚Äù by @euronewsgreen https://t.co/cptU6Zkot1,drought
Sinema‚Äôs last-minute push on Democrats‚Äô climate bill added $4 billion to combat Western drought-‚Äúabsolutely critical for Southern California‚Ä¶‚Äù https://t.co/QvbQjh750k,drought
@ImWatson91 LOL...In The Land Down Under  we would have a total fire ban were we in the middle of Summer and enduring a drought.,drought
American ranchers attribute soaring meat prices at grocery stores to¬†drought https://t.co/b1MxxEsmbC,drought
Italy's largest lake drops to near-historic low amid extreme drought in Europe https://t.co/zY9N3zgXo7,drought
"""Italy‚Äôs worst drought in decades has reduced Lake Garda, the country‚Äôs largest lake, to near its lowest level ever recorded, exposing swaths of previously underwater rocks [...] Many European countries are enduring droughts this summer that have hurt farmers &amp; shippers..."" --@AP https://t.co/waAj26ATlv",drought
"#Europe‚Äôs #HEATWAVE put focus on #ClimateChange risks: 
#Italy, #Spain, #Germany, #Portugal, #France, the #Netherlands &amp; #UK are enduring severe #drought this summer. | via @AJEnglish
#WaterShortage #FoodShortage #ClimateCrisis #ClimateEmergency
https://t.co/iFs55buEZu",drought
Centuries-old warnings emerge from riverbed as Europe faces historic drought https://t.co/gTBpE4Smlq,drought
My gardening adventures this week‚Ä¶.it‚Äôs official we are in a drought https://t.co/GqXlEqb6y9,drought
"Perhaps because I‚Äôm a sometimes farmer, I detect a disruption in the force. The grape harvest is 1/2 normal (perhaps because of drought?) The üçá sugar is a record high (perhaps because of rising temperatures?) And yellow jackets üêù seem to have disappeared! What‚Äôs up with that?",drought
ALERT: EMPTY BOTTLE. WATER SHELVES IN SUPERMARKETS... https://t.co/mlVpfbI6hw via @YouTube #UkrainianArmy #Ukraine #NATO #Russia #Russian #Putin #Biden #climate #Britain #Drought #heatwave,drought
There's a drought of Sprite amid the HPV pandemic,other
"England drought: Everyone must rethink their water use, experts say
https://t.co/RSbCRvQpDF",drought
Damn! Europe's rivers are drying up. https://t.co/UCIu1fQSmb,drought
"@ZackShutt I don't like HOAs. We are in a severe drought, no grass only a couple of weeds growing. We got a notice to mow the lawn.  We got out the weed Wacker to get rid of maybe 15 weeds.",drought
(https://t.co/7XmLgOtpxA):#Europe faces wildfires and extreme drought amid record heatwave : Record temperatures in Europe are leading to unprecedented droughts and wildfires across the continent. Ian Lee has more. .. https://t.co/jIVGyfrVYr,drought
@dndknsh really cool but also a very big fire hazard especially in areas of drought ü•¥,drought
@ladhdurham @foxweather @FoxNews Drought is always gonna effect things issue is white house policies have caused damage before this so it's just going to be amplified. Don't think for a moment that Brandon isn't to blame for causing this mess to begin with cause he is!,drought
"@Mrs_Veg More than likely. During COVID lockdowns, no one to come around, yet neighbours had all friends &amp; family around. Currently a drought area, neighbours have filled up their 18ft pool 5 times &amp; have been running a sprinkler on the lawn üôÑ",drought
"I just want this drought to end. We haven't seen a drop of rain in like 6 weeks LMFAO I've not experienced anything like it.

The sky has been incredibly clear though, meaning I got to see some meteors for the first time tonight. Surreal",drought
"A pic of the Pont de Varades in Loire-Atlantique is doing the rounds and some dispute the the picture displays the true effects of the current drought. But the Loire under this bridge, less than 60km east of Nantes, is exceptionally dry. https://t.co/tjlmFJykn8",drought
Source of Britain's River Thames driest ever as drought nears https://t.co/SXDncCoFnO,drought
@WaleadNJ @foxweather Drought is always gonna effect things issue is white house policies have caused damage before this so it's just going to be amplified. Don't think for a moment that Brandon isn't to blame for causing this mess to begin with cause he is!,drought
@Dan_4the_road A drought has been declared in some areas of the U.K. because the water level in rivers and reservoirs is so low.,drought
"@reneelertzman @BarryJWoods Nope. 

Rainfall ""impacts"" drought.",drought
Drought: the Pornic golf course escapes water restrictions thanks to an ecological¬†solution https://t.co/VRrjmOWwq5,drought
"@Man_of_oak Drought relief 
https://t.co/81nALI93M1",other
@BarryJWoods @clim8resistance drought impacts rainfall,drought
Germany is when the firefighters are called out to water a mountain so that there can be a massive fireworks over an almost entirely waterless Rhine river in what may be the worst drought ever recorded https://t.co/xLScZomhMF,drought
@TimRunsHisMouth @POTUS Major drought? No rain and can't use water to wash the panels off.,drought
"@percytheparrot @Dominiquetaegon Also why we don't have a drought every summer because we had ample rainfall until the weather started to change on a more permanent basis (otherwise known as climate change).

In Dumbinique's moronic scenario, we'd have had a drought every summer since 1991 when we last built.",drought
@Kneemerson There is also drought in the UK!,drought
Football is back . We survived the drought ü•≤,other
"We've been warned for decades. We chose not to heed those warnings.
#ClimateEmergency
#water
#WaterIsLife

https://t.co/jBOlnIRuRT",drought
"Parts of Massachusetts are in extreme drought, putting stress on the state's whole ecosystem ‚Äî including typical bear food sources. https://t.co/J1RMqbZCZU",drought
